{
    "loss": 1.2264856100082397,
    "accuracy": 0.9424460530281067
}