{
    "loss": 0.319842666387558,
    "accuracy": 0.9568345546722412
}